{
  "$anchor": "hotgraphic-course",
  "$schema": "http://json-schema.org/draft/2019-09/schema#",
  "type": "object",
  "$merge": {
    "source": {
      "$ref": "course"
    },
    "with": {
      "properties": {
        "_globals": {
          "type": "object",
          "default": {},
          "properties": {
            "_hotgraphic": {
              "type": "object",
              "default": {},
              "properties": {
                "ariaRegion": {
                  "type": "string",
                  "title": "Aria region",
                  "default": "Image with selectable areas. Select each button to show more information.",
                  "_adapt": {
                    "translatable": true
                  }
                },
                "popupPagination": {
                  "type": "string",
                  "title": "Popup pagination",
                  "description": "This is the aria label for each item. Use {{itemNumber}} and {{totalItems}} in your text to tell the user which item they are viewing and how many items there are in total.",
                  "default": "{{itemNumber}} / {{totalItems}}",
                  "_adapt": {
                    "translatable": true
                  }
                }
              }
            }
          }
        }
      }
    }
  }
}
