{
  "91d7d44849aaa32d953399c315d3338572889c74.png": {
    "title": "ODI Burst theme colour",
    "description": "Takes the theme colour as it's background colour",
    "source": "unknown",
    "licence": "unknown",
    "attribution": "unknown",
    "tags": []
  },
  "a516261fb9cb309e3b3d1116a192ecfc2a70fbad.png": {
    "title": "Burst white",
    "description": "Source: ODI",
    "source": "unknown",
    "licence": "unknown",
    "attribution": "unknown",
    "tags": [
      {
        "title": "ODI splash",
        "_id": "5ee397a3b045644557c81a7a"
      }
    ]
  },
  "6f1bb59c1c8b9c921249192561a0c5a2be603932.jpg": {
    "title": "Square image placeholder",
    "description": "Square image placeholder",
    "source": "https://adaptlearning.github.io/v4demo/#/id/co-05",
    "licence": "CC0",
    "attribution": "Adapt eLearning",
    "tags": []
  },
  "998ebc1d7c382c8b81f4422982efce0f4b27a07d.jpg": {
    "title": "Hands holding, trust, community",
    "description": "Hands holding, trust, community",
    "source": "https://www.pexels.com/photo/hands-people-friends-communication-45842/",
    "licence": "CC0",
    "attribution": "Pixabay",
    "tags": []
  },
  "98f36d50dd7f90c64222c12bcb58e2ba5b126cb4.png": {
    "title": "WPP ODI Theory of Change - Hoarding",
    "description": "WPP ODI Theory of Change - Hoarding",
    "source": "https://theodi.org",
    "licence": "CC-BY-SA",
    "attribution": "The Open Data Institute",
    "tags": []
  },
  "ed7b55ee96ce4f250a50007d5173ab1df16685c5.png": {
    "title": "WPP Spectrum",
    "description": "WPP Spectrum",
    "source": "https://theodi.org",
    "licence": "CC-BY-SA",
    "attribution": "The Open Data Institute",
    "tags": []
  },
  "c653a75c0723450d17c04f8cf8a25ca22c7fb377.png": {
    "title": "WPP-Spectrum - Closed",
    "description": "WPP-Spectrum - Closed",
    "source": "https://theodi.org",
    "licence": "CC-BY-SA",
    "attribution": "The Open Data Institute",
    "tags": []
  },
  "fd837fbc66bc4380b0b558e3c522f0743a010a71.png": {
    "title": "WPP Spectrum - Shared",
    "description": "WPP Spectrum - Shared",
    "source": "https://theodi.org",
    "licence": "CC-BY-SA",
    "attribution": "The Open Data Institute",
    "tags": []
  },
  "60ed051578a0c26b44b280c2870416639e19c13a.png": {
    "title": "WPP Spectrum - Open",
    "description": "WPP Spectrum - Open",
    "source": "https://theodi.org",
    "licence": "CC-BY-SA",
    "attribution": "The Open Data Institute",
    "tags": []
  },
  "9e39c4c6fdf8f5a7df0211a669fb5d42171432f6.png": {
    "title": "Marker closed",
    "description": "Marker closed",
    "source": "https://theodi.org",
    "licence": "CC-BY",
    "attribution": "The Open Data Institute",
    "tags": []
  },
  "79956be7b80ab0a817e84c4e2881db990ee3356d.png": {
    "title": "Marker open",
    "description": "Marker open",
    "source": "https://theodi.org",
    "licence": "CC-BY",
    "attribution": "The Open Data Institute",
    "tags": []
  },
  "97ac7eae69e4bf9f154377863844e541e170cbc1.png": {
    "title": "Marker public",
    "description": "Marker public",
    "source": "https://theodi.org",
    "licence": "CC-BY",
    "attribution": "The Open Data Institute",
    "tags": []
  },
  "42c72b8e96ed93af8487939961df6e625478b5bf.png": {
    "title": "Marker shared",
    "description": "Marker shared",
    "source": "https://theodi.org",
    "licence": "CC-BY",
    "attribution": "The Open Data Institute",
    "tags": []
  },
  "77a03d871f7cea023d2fb6e752f5afddd5e2b2c7.png": {
    "title": "WPP Spectrum - Public",
    "description": "WPP Spectrum - Public",
    "source": "https://theodi.org",
    "licence": "CC-BY",
    "attribution": "The Open Data Institute",
    "tags": []
  },
  "ef45514b3064a2015863efbb2490b695c819ee31.png": {
    "title": "BMGF Banner",
    "description": "BMGF Banner",
    "source": "https://www.gatesfoundation.org/",
    "licence": "All rights reserved",
    "attribution": "Bill & Melinda Gates Foundation",
    "tags": []
  },
  "3c4d2a472690b3e7732a6f7a11b7a01e19a3a16c.png": {
    "title": "CSISA crop logo",
    "description": "CSISA crop logo",
    "source": "https://csisa.org/",
    "licence": "All rights reserved",
    "attribution": "CSISA",
    "tags": []
  },
  "8069d2a4618084e967165ac7f06b4750e01098da.png": {
    "title": "Summary clipboard white",
    "description": "Summary clipboard white",
    "source": "https://theodi.org",
    "licence": "CC-BY",
    "attribution": "The Open Data Institute",
    "tags": []
  },
  "abef6d2100174b0451a9583dbcc7566426b8c88d.jpg": {
    "title": "BMGF Network Map",
    "description": "BMGF Network Map",
    "source": "https://www.gatesfoundation.org/",
    "licence": "All rights reserved",
    "attribution": "Bill and Melinda Gates Foundation",
    "tags": []
  },
  "b20a5314f3a93f49b8e949c2674305af33c32179.jpg": {
    "title": "BMGF Family",
    "description": "BMGF Family",
    "source": "https://www.gatesfoundation.org/",
    "licence": "All rights reserved",
    "attribution": "Bill & Melinda Gates Foundation",
    "tags": []
  },
  "e8b1276f45e39abae879cb84fef453b8ebda969e.png": {
    "title": "Data Sharing and Access",
    "description": "Data Sharing and Access",
    "source": "https://www.cabi.org/",
    "licence": "CC-BY",
    "attribution": "CABI",
    "tags": []
  },
  "d835fe2fcb352bc98af3f80548a3e4fc1a294681.png": {
    "title": "Security & privacy",
    "description": "https://theodi.org",
    "source": "https://www.cabi.org/",
    "licence": "CC-BY",
    "attribution": "CABI",
    "tags": []
  },
  "1bbe3568ed3f9e5ac3aa66119166a68afe2d680c.png": {
    "title": "Trust & Benefits",
    "description": "Trust & Benefits",
    "source": "https://www.cabi.org/",
    "licence": "CC-BY",
    "attribution": "CABI",
    "tags": []
  },
  "11312a0e03cd3c33c1fd031cad11748368da7cc3.png": {
    "title": "BMGF Barrier",
    "description": "BMGF Barrier",
    "source": "http://www.freepik.com",
    "licence": "CC-BY",
    "attribution": "Designed by macrovector / Freepik",
    "tags": []
  },
  "92c7b06e46c8c8301f5db309b498882bca42455e.pdf": {
    "title": "Ag data country profile_Template",
    "description": "Ag data country profile_Template June 2020",
    "source": "https://docs.google.com/document/d/1mmtExDKYLlX7exwMZgaIrlfujYuY3vX9Yd2fDidpnxM/edit#heading=h.8icm9osv2m6a",
    "licence": "CC-BY",
    "attribution": "Open Data Institute",
    "tags": []
  },
  "971114f2437918ffad149b2cbbb63e06ed5d1d6f.jpg": {
    "title": "Man planting plant",
    "description": "Man planting plant",
    "source": "https://www.pexels.com/photo/man-planting-plant-169523/",
    "licence": "CC-BY",
    "attribution": "Binyamin Mellish",
    "tags": []
  },
  "0c817d20537fdbe42200a9ae5433e15c62aa8567.jpg": {
    "title": "Agriculture Data Spectrum - 1100x784.jpg",
    "description": "Agriculture Data Spectrum - 1100x784.jpg",
    "source": "https://theodi.org",
    "licence": "CC-BY-SA",
    "attribution": "The Open Data Institute",
    "tags": []
  },
  "086d590adc5602c7168c737177498a144d858200.jpg": {
    "title": "Data ecosystems",
    "description": "Data ecosystems",
    "source": "https://www.pexels.com/photo/chart-close-up-data-desk-590022/",
    "licence": "CC-BY",
    "attribution": "The Open Data Institute / Lukas from Pexels",
    "tags": []
  },
  "d93d01b7a5723176b53fb5c3dff8428c51bf86b0.jpg": {
    "title": "Green-Building (copyrighted)",
    "description": "Green-Building (copyrighted)",
    "source": "https://innodez.com/how-to-mitigate-the-negative-effects-of-construction-industry-on-global-environment-through-proper-design-practices/",
    "licence": "All rights reserved",
    "attribution": "unknown",
    "tags": []
  },
  "78e7836c6dac95b86f443af30c3d68181b8ec0e8.png": {
    "title": "3x3 Risk Matrix",
    "description": "3x3 Risk Matrix",
    "source": "https://www.smartsheet.com/all-risk-assessment-matrix-templates-you-need",
    "licence": "CC-BY-SA",
    "attribution": "Smart Sheet",
    "tags": []
  },
  "d4acb6dd2cbb77086cec55e0fdeacad7258587da.png": {
    "title": "Identifying activities",
    "description": "Identifying activities",
    "source": "https://theodi.org",
    "licence": "CC-BY",
    "attribution": "Open Data Institute",
    "tags": []
  },
  "8c4941b690d408fcd8457d889fd932496f3ece24.jpg": {
    "title": "roles&responsibilities-pos",
    "description": "roles&responsibilities-pos",
    "source": "https://theodi.org",
    "licence": "CC-BY",
    "attribution": "Open Data Institute",
    "tags": []
  },
  "57e7eacf689e62acb303f699502d9d30c676db42.jpg": {
    "title": "roles&responsibilities-grantees",
    "description": "roles&responsibilities-grantees",
    "source": "https://theodi.org",
    "licence": "CC-BY",
    "attribution": "Open Data Institute",
    "tags": []
  },
  "7b5a0af43669faf65140a86c28e0ba45ea3a4b77.jpg": {
    "title": "Enabling_environment_actors",
    "description": "Enabling_environment_actors",
    "source": "https://theodi.org",
    "licence": "CC-BY",
    "attribution": "Open Data Institute",
    "tags": []
  },
  "56755d97795e828fba42dafcad5aedfa18d5c145.jpg": {
    "title": "Enabling_environment_bmgf",
    "description": "Enabling_environment_bmgf",
    "source": "https://theodi.org",
    "licence": "CC-BY",
    "attribution": "Open Data Institute",
    "tags": []
  },
  "7756329af8922707742b976e8be52a3a3cd742f8.jpg": {
    "title": "Enabling_environment_roles",
    "description": "Enabling_environment_roles",
    "source": "https://theodi.org",
    "licence": "CC-BY",
    "attribution": "Open Data Institute",
    "tags": []
  },
  "d18cd85f28e79a540e6bf3a733e810b7a8bc098b.jpg": {
    "title": "Enabling_environment_actions",
    "description": "Enabling_environment_actions",
    "source": "https://theodi.org",
    "licence": "CC-BY",
    "attribution": "Open Data Institute",
    "tags": []
  },
  "5d0936a75495f51255120e5d6245e22c86083e69.jpg": {
    "title": "world-wide-web",
    "description": "world-wide-web",
    "source": "https://theodi.org",
    "licence": "CC-BY",
    "attribution": "Open Data Institute",
    "tags": []
  },
  "c17c42b2ee75d4c52ac638093cae1e11dfdef496.jpg": {
    "title": "open-shared-closed",
    "description": "open-shared-closed",
    "source": "https://theodi.org",
    "licence": "CC-BY",
    "attribution": "Open Data Institute",
    "tags": []
  },
  "77479f0e544d6afa704591d61b6887627eb36b1b.jpg": {
    "title": "fair-use-copyright",
    "description": "fair-use-copyright",
    "source": "https://theodi.org",
    "licence": "CC-BY",
    "attribution": "Open Data Institute",
    "tags": []
  },
  "ca90f129a8cbd51e57e6a3ecc3c5d6635fed79cc.jpg": {
    "title": "mapping-data-spectrums",
    "description": "mapping-data-spectrums",
    "source": "https://theodi.org",
    "licence": "CC-BY",
    "attribution": "Open Data Institute",
    "tags": []
  },
  "283469f27a3e4b4d28a4db1e8e3916106c36cfc6.jpg": {
    "title": "CGIAR - Ethiopia",
    "description": "CGIAR - Ethiopia",
    "source": "https://wle.cgiar.org/",
    "licence": "All rights reserved",
    "attribution": "Muulgeta Ayene/WLE",
    "tags": []
  },
  "d5cad5c033cc3f5afd9b3c7ec412142c73b7e0ec.png": {
    "title": "Ramani Huria",
    "description": "Ramani Huria",
    "source": "https://ramanihuria.org/",
    "licence": "All rights reserved",
    "attribution": "Ramani Huria",
    "tags": []
  },
  "5f304f6e4df61a3808b04815b668463e3d448b18.jpg": {
    "title": "Sustainable plant hand",
    "description": "Sustainable plant hand",
    "source": "https://www.pexels.com/photo/person-holding-a-green-plant-1072824/",
    "licence": "CC-BY",
    "attribution": "Akil Mazumder",
    "tags": []
  },
  "5914d73a8e4fa2da7dfa7e9ba6b774c93bc90cbc.png": {
    "title": "BMGF Data",
    "description": "BMGF Data",
    "source": "https://www.cabi.org/",
    "licence": "CC-BY",
    "attribution": "CABI",
    "tags": []
  },
  "1a190189db45a38486506a2db4167a078515fb8b.png": {
    "title": "Data cash",
    "description": "Data cash",
    "source": "https://www.cabi.org/",
    "licence": "CC-BY",
    "attribution": "CABI",
    "tags": []
  },
  "bc6485eb991217bbaee05974776959dbae175647.png": {
    "title": "Community_Access_Legal_Legal.png",
    "description": "Community Access Legal - Legal v2",
    "source": "https://www.cabi.org/",
    "licence": "CC-BY",
    "attribution": "CABI",
    "tags": []
  },
  "69dc36a1287250c798f4cde0fdcb1d43cfb6fab1.png": {
    "title": "Community Access Legal - Community v2",
    "description": "Community Access Legal - Community v2",
    "source": "https://www.cabi.org/",
    "licence": "CC-BY",
    "attribution": "CABI",
    "tags": []
  },
  "1b8ac07894f00464d52961695545224ac615ca71.png": {
    "title": "Community Access Legal - Access v2",
    "description": "Community Access Legal - Access v2",
    "source": "https://www.cabi.org/",
    "licence": "CC-BY",
    "attribution": "CABI",
    "tags": []
  },
  "a956e8e5f8094c7286b17371ad3f18e74010fdc4.png": {
    "title": "BMGF - Process Focus",
    "description": "BMGF - Process Focus",
    "source": "https://www.cabi.org/",
    "licence": "CC-BY",
    "attribution": "CABI",
    "tags": []
  },
  "acc6bbdd43c9fff29db04a98aebbaf13070b5698.png": {
    "title": "People Process Technology v3",
    "description": "People Process Technology v3",
    "source": "https://www.cabi.org/",
    "licence": "CC-BY",
    "attribution": "CABI",
    "tags": []
  },
  "e5603460e657fbd0196dd1c615a7d0a6e05f2202.png": {
    "title": "  BMGF - Working with 3rd party data flowchart v2",
    "description": "  BMGF - Working with 3rd party data flowchart v2",
    "source": "https://www.cabi.org/",
    "licence": "CC-BY",
    "attribution": "CABI",
    "tags": []
  },
  "a5c9822bb7feb5ae238a694fb7c8009df3e3eb12.png": {
    "title": "Personal data person",
    "description": "Personal data person",
    "source": "https://www.cabi.org/",
    "licence": "CC-BY",
    "attribution": "CABI",
    "tags": []
  },
  "06068eba9dadde7f3a1c7e61241566bae9cd23c4.png": {
    "title": "Personal data anonymisation",
    "description": "Personal data anonymisation",
    "source": "https://www.cabi.org/",
    "licence": "CC-BY",
    "attribution": "CABI",
    "tags": []
  },
  "b460b93d3b5e5cea4b38797727b9a7dfa4171201.png": {
    "title": "Rick, blank quadrants",
    "description": "Rick, blank quadrants",
    "source": "https://www.cabi.org/",
    "licence": "CC-BY",
    "attribution": "CABI",
    "tags": []
  },
  "900bafa2147280396d5d80d9c30e05ab217cd61d.png": {
    "title": "Risk quadrants",
    "description": "Risk quadrants",
    "source": "https://www.cabi.org/",
    "licence": "CC-BY",
    "attribution": "CABI",
    "tags": []
  },
  "b3d38335e34b0868ef9b0688468549d6ca8c6417.png": {
    "title": "Risks - What can you control?",
    "description": "Risks - What can you control?",
    "source": "https://www.cabi.org/",
    "licence": "CC-BY",
    "attribution": "CABI",
    "tags": []
  },
  "60140a2cab09135aa210b80f427c17b306a427ac.png": {
    "title": "Risks - Legal",
    "description": "Risks - Legal",
    "source": "https://www.cabi.org/",
    "licence": "CC-BY",
    "attribution": "CABI",
    "tags": []
  },
  "2bdce20dcb79f353ce8395ed5dedada905b4d70b.png": {
    "title": "Risk - Commercial",
    "description": "Risk - Commercial",
    "source": "https://www.cabi.org/",
    "licence": "CC-BY",
    "attribution": "CABI",
    "tags": []
  },
  "b5df13b144f5963c9d49d3ea7376046e018d86a5.png": {
    "title": "Strategies to minimise risk",
    "description": "Strategies to minimise risk",
    "source": "https://www.cabi.org/",
    "licence": "CC-BY",
    "attribution": "CABI",
    "tags": []
  },
  "3470c8f454cf129aea12fb9dffcd256944b8a925.png": {
    "title": "Assessing the enabling environment 1",
    "description": "Assessing the enabling environment 1",
    "source": "https://www.cabi.org/",
    "licence": "CC-BY",
    "attribution": "CABI",
    "tags": []
  },
  "5dc48b14dec08e636e87354cd0f8e16b9913cae9.png": {
    "title": "Assessing the enabling environment 2",
    "description": "Assessing the enabling environment 2",
    "source": "https://www.cabi.org/",
    "licence": "CC-BY",
    "attribution": "CABI",
    "tags": []
  },
  "f1b101d440ddd55d5e5545a0cc6f0cc1350cbc33.png": {
    "title": "Country Checklist 2",
    "description": "Country Checklist 2",
    "source": "https://www.cabi.org/",
    "licence": "CC-BY",
    "attribution": "CABI",
    "tags": []
  },
  "e5cb9e035b4c35b493f8cb3f967bd4b416c87653.png": {
    "title": "Factors that disrupt",
    "description": "Factors that disrupt",
    "source": "https://www.cabi.org/",
    "licence": "CC-BY",
    "attribution": "CABI",
    "tags": []
  },
  "da914319e6bff338a09bdef3dc358362ad72564d.png": {
    "title": "FAIR Data",
    "description": "FAIR Data",
    "source": "https://www.cabi.org/",
    "licence": "CC-BY",
    "attribution": "CABI",
    "tags": []
  },
  "44620cd8fb4d8d8a5a6cd18d50d78b34ce30cd96.png": {
    "title": "FAIR Data 2",
    "description": "FAIR Data 2",
    "source": "https://www.cabi.org/",
    "licence": "CC-BY",
    "attribution": "CABI",
    "tags": []
  },
  "a18ed9ef91843e0fb6f6d171fcdfa3fc701129b8.png": {
    "title": "FAIR Data 3",
    "description": "FAIR Data 3",
    "source": "https://www.cabi.org/",
    "licence": "CC-BY",
    "attribution": "CABI",
    "tags": []
  },
  "90d9887dd5b71ee70ac64d6e29af8b52dee3b35c.png": {
    "title": "People Process Technology Blank",
    "description": "People Process Technology Blank",
    "source": "https://www.cabi.org/",
    "licence": "CC-BY",
    "attribution": "CABI",
    "tags": []
  },
  "f2ac1600bc39c5f3916db228a0b28a3fb666130b.png": {
    "title": "Risk Matrix v3",
    "description": "Risk Matrix v3",
    "source": "https://www.cabi.org/",
    "licence": "CC-BY",
    "attribution": "CABI",
    "tags": []
  },
  "5b4526b522bc9b1a78003491a3e639deaee86ea0.png": {
    "title": "Risks of not sharing",
    "description": "Risks of not sharing",
    "source": "https://www.cabi.org/",
    "licence": "CC-BY",
    "attribution": "CABI",
    "tags": []
  },
  "ae05ddb3af2a399c432a60726d30d3ad9ff95ddf.png": {
    "title": "Risk - Linking concerns to impact",
    "description": "Risk - Linking concerns to impact",
    "source": "https://www.cabi.org/",
    "licence": "CC-BY",
    "attribution": "CABI",
    "tags": []
  },
  "101381c6966f03cf652b2a8bc40c33224f602d91.png": {
    "title": "Sharing benefits",
    "description": "Sharing benefits",
    "source": "https://www.cabi.org/",
    "licence": "CC-BY",
    "attribution": "CABI",
    "tags": []
  },
  "a601ce040b322565586be4e1ec07b509eff82a3d.png": {
    "title": "Repositories - Code & Data",
    "description": "Repositories - Code & Data",
    "source": "https://www.cabi.org/",
    "licence": "CC-BY",
    "attribution": "CABI",
    "tags": []
  },
  "f1607781191a6f6434c5112ce138cb490114c045.png": {
    "title": "Repositories - Curated",
    "description": "Repositories - Curated",
    "source": "https://www.cabi.org/",
    "licence": "CC-BY",
    "attribution": "CABI",
    "tags": []
  },
  "5532ee99b34cc9664b95f5d35796c81cd8eb7dcd.png": {
    "title": "Repositories - Research",
    "description": "Repositories - Research",
    "source": "https://www.cabi.org/",
    "licence": "CC-BY",
    "attribution": "CABI",
    "tags": []
  },
  "7c49390cfc15dc5044b13002d5af6b9bbc3a1862.png": {
    "title": "Repositories - Government",
    "description": "Repositories - Government",
    "source": "https://www.cabi.org/",
    "licence": "CC-BY",
    "attribution": "CABI",
    "tags": []
  },
  "6f229972e149c91ad3eddb0f26025b8a6111d90f.png": {
    "title": "Repositories - Choosing",
    "description": "Repositories - Choosing",
    "source": "https://www.cabi.org/",
    "licence": "CC-BY",
    "attribution": "CABI",
    "tags": []
  },
  "4b69467bd63ea05daf50675206509098901ccc5f.png": {
    "title": "Repositories - Multiple",
    "description": "Repositories - Multiple",
    "source": "https://www.cabi.org/",
    "licence": "CC-BY",
    "attribution": "CABI",
    "tags": []
  },
  "3d1a3574333fe4838f85e49fcd86bab63ed954f3.png": {
    "title": "Sustainability",
    "description": "Sustainability",
    "source": "https://www.cabi.org/",
    "licence": "CC-BY",
    "attribution": "CABI",
    "tags": []
  },
  "730a10b467680d3722198366fdd9372682111b66.png": {
    "title": "Process zoomed",
    "description": "Process zoomed",
    "source": "https://www.cabi.org/",
    "licence": "CC-BY",
    "attribution": "CABI",
    "tags": []
  },
  "8b4124db055d0b1e89fe4b812d9a1c1644f9b579.png": {
    "title": "Who owns personal data",
    "description": "Who owns personal data",
    "source": "https://www.cabi.org/",
    "licence": "CC-BY",
    "attribution": "CABI",
    "tags": []
  },
  "cc5a489c17b67fcd116b798d682e2780af4b1d83.png": {
    "title": "Personal Sensitive Data",
    "description": "Personal Sensitive Data",
    "source": "https://www.cabi.org/",
    "licence": "CC-BY",
    "attribution": "CABI",
    "tags": []
  },
  "41c33b4c1e8869db8deeef6f912ce5979559115c.png": {
    "title": "Clipboard BMGF Blue",
    "description": "Clipboard BMGF Blue",
    "source": "https://theodi.org",
    "licence": "CC-BY",
    "attribution": "The Open Data Institute",
    "tags": []
  },
  "19bb513efae607af695cb3d10bb16e2a5b51c2ab.png": {
    "title": "CC-BY White",
    "description": "CC-BY White",
    "source": "https://creativecommons.org/",
    "licence": "CC0",
    "attribution": "Creative Commons",
    "tags": []
  },
  "b0a2f460efaa8a9cfde22d276d90103d99b213c6.png": {
    "title": "iDSAsoil",
    "description": "iDSAsoil",
    "source": "https://www.isda-africa.com/isdasoil/",
    "licence": "CC-BY",
    "attribution": "iDSA",
    "tags": []
  },
  "844896a5b4d6cb8b5c3ca8c764ce3af526be6417.jpg": {
    "title": "Bonares",
    "description": "Bonares",
    "source": "https://www.bonares.de/",
    "licence": "All rights reserved",
    "attribution": "Bonares",
    "tags": []
  },
  "308d3bb3514134ecba51ef2d386fc281c01f3829.png": {
    "title": "Rights of individuals",
    "description": "Rights of individuals",
    "source": "https://www.cabi.org/",
    "licence": "CC-BY",
    "attribution": "CABI",
    "tags": []
  },
  "1ae846c71c45d60977b67c043ca9f26dca0280b2.png": {
    "title": "Data splat with licences",
    "description": "Data splat with licences",
    "source": "https://www.cabi.org/",
    "licence": "CC-BY",
    "attribution": "CABI",
    "tags": []
  },
  "290d9ecc4865e804ef8a1328aa622315248fffa2.png": {
    "title": "Characteristics of data licenses",
    "description": "Characteristics of data licenses",
    "source": "https://www.cabi.org/",
    "licence": "CC-BY",
    "attribution": "CABI",
    "tags": []
  },
  "5681e6ff9fad9baeff226dfd326ef6eddaf8ecbf.png": {
    "title": "FAIR + Licences + Sharing Agreements",
    "description": "The role of data licenses and data sharing agreements with respect to FAIR and safeguarded data",
    "source": "https://www.cabi.org/",
    "licence": "CC-BY",
    "attribution": "CABI",
    "tags": []
  },
  "98958a7e589f0df97f41168e70d629aa33758163.png": {
    "title": "Agreements vs Licenses",
    "description": "Agreements vs Licenses",
    "source": "https://www.cabi.org/",
    "licence": "CC-BY",
    "attribution": "CABI",
    "tags": []
  },
  "329bb1bd1835043aa88f0e0eef0193c30f455807.png": {
    "title": "Agreement or License",
    "description": "Agreement or License",
    "source": "https://www.cabi.org/",
    "licence": "CC-BY",
    "attribution": "CABI",
    "tags": []
  },
  "b3442d04438a88a0288e8d95186eeb814c87bc3e.png": {
    "title": "Agreement or License Gold",
    "description": "Agreement or License Gold",
    "source": "https://www.cabi.org/",
    "licence": "CC-BY",
    "attribution": "CABI",
    "tags": []
  },
  "dd82374f1e686888db6a329f324ac9fc3e5fdff1.png": {
    "title": "Creative commons licenses choosing",
    "description": "Creative commons licenses choosing",
    "source": "https://www.cabi.org/",
    "licence": "CC-BY",
    "attribution": "CABI",
    "tags": []
  },
  "4c0813ddca3c834ad64e58ddbcf9f294f0ebc5c4.png": {
    "title": "Creative commons licenses",
    "description": "Creative commons licenses",
    "source": "https://www.cabi.org/",
    "licence": "CC-BY",
    "attribution": "CABI",
    "tags": []
  },
  "02626488fbda775ae921415f19ee30d466802b64.png": {
    "title": "Open Government Licences",
    "description": "Open Government Licences",
    "source": "https://www.cabi.org/",
    "licence": "CC-BY",
    "attribution": "CABI",
    "tags": []
  },
  "6797d307dce03b04cfc9dc383f12aacb1c3d498f.png": {
    "title": "Common licenses for data sharing",
    "description": "Common licenses for data sharing",
    "source": "https://www.cabi.org/",
    "licence": "CC-BY",
    "attribution": "CABI",
    "tags": []
  },
  "b7ec4fbf20856739eb6c6f7f9fc62f413a52ac56.png": {
    "title": "ISDA Soil Gold",
    "description": "ISDA Soil Gold",
    "source": "https://www.isda-africa.com/isdasoil/",
    "licence": "CC-BY",
    "attribution": "iSDA",
    "tags": []
  },
  "f27e4c27ad90d856d39f9026a2bfb6397654cff7.png": {
    "title": "CSISA logo on gold",
    "description": "CSISA logo on gold",
    "source": "https://csisa.org/",
    "licence": "All rights reserved",
    "attribution": "CSISA",
    "tags": []
  }
}