{
  "91d7d44849aaa32d953399c315d3338572889c74.png": {
    "title": "ODI Burst theme colour",
    "description": "Takes the theme colour as it's background colour",
    "source": "unknown",
    "licence": "unknown",
    "attribution": "unknown",
    "tags": []
  },
  "3267fe06e17b267d0b9b38318876b879a8a7f031.jpg": {
    "title": "Rectangle placeholder image",
    "description": "Rectangle placeholder image",
    "source": "https://adaptlearning.github.io/v4demo/#/id/co-05",
    "licence": "CC0",
    "attribution": "Adapt eLearning",
    "tags": []
  },
  "6f1bb59c1c8b9c921249192561a0c5a2be603932.jpg": {
    "title": "Square image placeholder",
    "description": "Square image placeholder",
    "source": "https://adaptlearning.github.io/v4demo/#/id/co-05",
    "licence": "CC0",
    "attribution": "Adapt eLearning",
    "tags": []
  },
  "98f36d50dd7f90c64222c12bcb58e2ba5b126cb4.png": {
    "title": "WPP ODI Theory of Change - Hoarding",
    "description": "WPP ODI Theory of Change - Hoarding",
    "source": "https://theodi.org",
    "licence": "CC-BY-SA",
    "attribution": "The Open Data Institute",
    "tags": []
  },
  "a35789ccc778fd791b6af032522d21382fe3bbe1.png": {
    "title": "WPP ODI Theory of Change - Fearing",
    "description": "WPP ODI Theory of Change - Fearing",
    "source": "https://theodi.org",
    "licence": "CC-BY-SA",
    "attribution": "The Open Data Institute",
    "tags": []
  },
  "ed7b55ee96ce4f250a50007d5173ab1df16685c5.png": {
    "title": "WPP Spectrum",
    "description": "WPP Spectrum",
    "source": "https://theodi.org",
    "licence": "CC-BY-SA",
    "attribution": "The Open Data Institute",
    "tags": []
  },
  "c653a75c0723450d17c04f8cf8a25ca22c7fb377.png": {
    "title": "WPP-Spectrum - Closed",
    "description": "WPP-Spectrum - Closed",
    "source": "https://theodi.org",
    "licence": "CC-BY-SA",
    "attribution": "The Open Data Institute",
    "tags": []
  },
  "fd837fbc66bc4380b0b558e3c522f0743a010a71.png": {
    "title": "WPP Spectrum - Shared",
    "description": "WPP Spectrum - Shared",
    "source": "https://theodi.org",
    "licence": "CC-BY-SA",
    "attribution": "The Open Data Institute",
    "tags": []
  },
  "60ed051578a0c26b44b280c2870416639e19c13a.png": {
    "title": "WPP Spectrum - Open",
    "description": "WPP Spectrum - Open",
    "source": "https://theodi.org",
    "licence": "CC-BY-SA",
    "attribution": "The Open Data Institute",
    "tags": []
  },
  "9e39c4c6fdf8f5a7df0211a669fb5d42171432f6.png": {
    "title": "Marker closed",
    "description": "Marker closed",
    "source": "https://theodi.org",
    "licence": "CC-BY",
    "attribution": "The Open Data Institute",
    "tags": []
  },
  "79956be7b80ab0a817e84c4e2881db990ee3356d.png": {
    "title": "Marker open",
    "description": "Marker open",
    "source": "https://theodi.org",
    "licence": "CC-BY",
    "attribution": "The Open Data Institute",
    "tags": []
  },
  "42c72b8e96ed93af8487939961df6e625478b5bf.png": {
    "title": "Marker shared",
    "description": "Marker shared",
    "source": "https://theodi.org",
    "licence": "CC-BY",
    "attribution": "The Open Data Institute",
    "tags": []
  },
  "77a03d871f7cea023d2fb6e752f5afddd5e2b2c7.png": {
    "title": "WPP Spectrum - Public",
    "description": "WPP Spectrum - Public",
    "source": "https://theodi.org",
    "licence": "CC-BY",
    "attribution": "The Open Data Institute",
    "tags": []
  },
  "ef45514b3064a2015863efbb2490b695c819ee31.png": {
    "title": "BMGF Banner",
    "description": "BMGF Banner",
    "source": "https://www.gatesfoundation.org/",
    "licence": "All rights reserved",
    "attribution": "Bill & Melinda Gates Foundation",
    "tags": []
  },
  "957a5979aea440c02b239a53e2a46236d90ece9c.png": {
    "title": "BMGF - Theory of Change",
    "description": "BMGF - Theory of Change",
    "source": "https://theodi.org",
    "licence": "CC-BY-SA",
    "attribution": "The Open Data Institute",
    "tags": []
  },
  "d86eeab4f7f6921569b24b2f4572deb103361dfc.png": {
    "title": "Summary - core constraints at Portfolio and grant level",
    "description": "Summary - core constraints at Portfolio and grant level",
    "source": "https://theodi.org",
    "licence": "CC-BY-SA",
    "attribution": "CABI/ODI",
    "tags": []
  },
  "3c4d2a472690b3e7732a6f7a11b7a01e19a3a16c.png": {
    "title": "CSISA crop logo",
    "description": "CSISA crop logo",
    "source": "https://csisa.org/",
    "licence": "All rights reserved",
    "attribution": "CSISA",
    "tags": []
  },
  "8069d2a4618084e967165ac7f06b4750e01098da.png": {
    "title": "Summary clipboard white",
    "description": "Summary clipboard white",
    "source": "https://theodi.org",
    "licence": "CC-BY",
    "attribution": "The Open Data Institute",
    "tags": []
  },
  "abef6d2100174b0451a9583dbcc7566426b8c88d.jpg": {
    "title": "BMGF Network Map",
    "description": "BMGF Network Map",
    "source": "https://www.gatesfoundation.org/",
    "licence": "All rights reserved",
    "attribution": "Bill and Melinda Gates Foundation",
    "tags": []
  },
  "b20a5314f3a93f49b8e949c2674305af33c32179.jpg": {
    "title": "BMGF Family",
    "description": "BMGF Family",
    "source": "https://www.gatesfoundation.org/",
    "licence": "All rights reserved",
    "attribution": "Bill & Melinda Gates Foundation",
    "tags": []
  },
  "e8b1276f45e39abae879cb84fef453b8ebda969e.png": {
    "title": "Data Sharing and Access",
    "description": "Data Sharing and Access",
    "source": "https://theodi.org",
    "licence": "CC-BY",
    "attribution": "CABI/ODI",
    "tags": []
  },
  "d835fe2fcb352bc98af3f80548a3e4fc1a294681.png": {
    "title": "Security & privacy",
    "description": "https://theodi.org",
    "source": "https://theodi.org",
    "licence": "CC-BY",
    "attribution": "CABI/ODI",
    "tags": []
  },
  "1bbe3568ed3f9e5ac3aa66119166a68afe2d680c.png": {
    "title": "Trust & Benefits",
    "description": "Trust & Benefits",
    "source": "https://theodi.org",
    "licence": "CC-BY",
    "attribution": "CABI/ODI",
    "tags": []
  },
  "1f43f5995a5725b67d48cd11e8d5751d292cce6a.png": {
    "title": "People, Process, Technology triangle",
    "description": "People, Process, Technology triangle",
    "source": "https://theodi.org",
    "licence": "CC-BY-SA",
    "attribution": "CABI/ODI",
    "tags": []
  },
  "11312a0e03cd3c33c1fd031cad11748368da7cc3.png": {
    "title": "BMGF Barrier",
    "description": "BMGF Barrier",
    "source": "http://www.freepik.com",
    "licence": "CC-BY",
    "attribution": "Designed by macrovector / Freepik",
    "tags": []
  },
  "92c7b06e46c8c8301f5db309b498882bca42455e.pdf": {
    "title": "Ag data country profile_Template",
    "description": "Ag data country profile_Template June 2020",
    "source": "https://docs.google.com/document/d/1mmtExDKYLlX7exwMZgaIrlfujYuY3vX9Yd2fDidpnxM/edit#heading=h.8icm9osv2m6a",
    "licence": "CC-BY",
    "attribution": "Open Data Institute",
    "tags": []
  },
  "971114f2437918ffad149b2cbbb63e06ed5d1d6f.jpg": {
    "title": "Man planting plant",
    "description": "Man planting plant",
    "source": "https://www.pexels.com/photo/man-planting-plant-169523/",
    "licence": "CC-BY",
    "attribution": "Binyamin Mellish",
    "tags": []
  },
  "0c817d20537fdbe42200a9ae5433e15c62aa8567.jpg": {
    "title": "Agriculture Data Spectrum - 1100x784.jpg",
    "description": "Agriculture Data Spectrum - 1100x784.jpg",
    "source": "https://theodi.org",
    "licence": "CC-BY-SA",
    "attribution": "The Open Data Institute",
    "tags": []
  },
  "6352703227d5a31871cfa27c856ec34c0bea876b.jpg": {
    "title": "BMGF - Working with 3rd party data flowchart",
    "description": "BMGF - Working with 3rd party data flowchart",
    "source": "https://theodi.org",
    "licence": "CC-BY-SA",
    "attribution": "ODI/CABI",
    "tags": []
  },
  "086d590adc5602c7168c737177498a144d858200.jpg": {
    "title": "Data ecosystems",
    "description": "Data ecosystems",
    "source": "https://www.pexels.com/photo/chart-close-up-data-desk-590022/",
    "licence": "CC-BY",
    "attribution": "The Open Data Institute / Lukas from Pexels",
    "tags": []
  },
  "d93d01b7a5723176b53fb5c3dff8428c51bf86b0.jpg": {
    "title": "Green-Building (copyrighted)",
    "description": "Green-Building (copyrighted)",
    "source": "https://innodez.com/how-to-mitigate-the-negative-effects-of-construction-industry-on-global-environment-through-proper-design-practices/",
    "licence": "All rights reserved",
    "attribution": "unknown",
    "tags": []
  },
  "78e7836c6dac95b86f443af30c3d68181b8ec0e8.png": {
    "title": "3x3 Risk Matrix",
    "description": "3x3 Risk Matrix",
    "source": "https://www.smartsheet.com/all-risk-assessment-matrix-templates-you-need",
    "licence": "CC-BY-SA",
    "attribution": "Smart Sheet",
    "tags": []
  }
}