{
  "$anchor": "text-course",
  "$schema": "http://json-schema.org/draft/2019-09/schema#",
  "type": "object",
  "$merge": {
    "source": {
      "$ref": "course"
    },
    "with": {
      "properties": {
        "_globals": {
          "type": "object",
          "default": {},
          "properties": {
            "_text": {
              "type": "object",
              "default": {},
              "properties": {
                "ariaRegion": {
                  "type": "string",
                  "title": "Aria region",
                  "default": "",
                  "_adapt": {
                    "translatable": true
                  }
                }
              }
            }
          }
        }
      }
    }
  }
}
