{
  "$anchor": "boxMenu-contentobject",
  "$schema": "http://json-schema.org/draft/2019-09/schema#",
  "type": "object",
  "$merge": {
    "source": {
      "$ref": "contentobject"
    },
    "with": {
      "properties": {
        "_boxMenu": {
          "type": "object",
          "title": "Box menu",
          "default": {},
          "properties": {
            "_renderAsGroup": {
              "type": "boolean",
              "title": "Enable as menu group?",
              "description": "Enable this option to render items into a group on the menu. Groups can display a title, body, and instruction text.",
              "default": false
            }
          }
        }
      }
    }
  }
}
