{
  "$anchor": "pageLevelProgress-course",
  "$schema": "http://json-schema.org/draft/2019-09/schema#",
  "type": "object",
  "$merge": {
    "source": {
      "$ref": "course"
    },
    "with": {
      "properties": {
        "_globals": {
          "type": "object",
          "default": {},
          "properties": {
            "_pageLevelProgress": {
              "type": "object",
              "default": {},
              "properties": {
                "pageLevelProgress": {
                  "type": "string",
                  "title": "Page level progress",
                  "default": "Page sections",
                  "_adapt": {
                    "translatable": true
                  }
                },
                "pageLevelProgressIndicatorBar": {
                  "type": "string",
                  "title": "Page level progress indicator bar",
                  "default": "Page progress. Use this to listen to the list of regions in this topic and whether they're completed. You can jump directly to any that are incomplete or which sound particularly interesting. {{percentageComplete}}%",
                  "_adapt": {
                    "translatable": true
                  }
                },
                "pageLevelProgressMenuBar": {
                  "type": "string",
                  "title": "Page level progress menu bar",
                  "default": "Page completion {{percentageComplete}}%",
                  "_adapt": {
                    "translatable": true
                  }
                },
                "pageLevelProgressEnd": {
                  "type": "string",
                  "title": "Page level progress end",
                  "default": "You have reached the end of the list of page sections.",
                  "_adapt": {
                    "translatable": true
                  }
                },
                "optionalContent": {
                  "type": "string",
                  "title": "Optional content",
                  "default": "Optional content",
                  "_adapt": {
                    "translatable": true
                  }
                }
              }
            }
          }
        },
        "_pageLevelProgress": {
          "type": "object",
          "title": "Page Level Progress",
          "default": {},
          "properties": {
            "_isEnabled": {
              "type": "boolean",
              "title": "Is enabled",
              "description": "Controls whether the Page Level Progress extension is enabled or disabled.",
              "default": true
            },
            "_showPageCompletion": {
              "type": "boolean",
              "title": "Show page completion",
              "description": "Controls whether the progress calculations are based on all components - or only those that are set to be displayed in Page Level Progress.",
              "default": true
            },
            "_isCompletionIndicatorEnabled": {
              "type": "boolean",
              "title": "Show course completion indicator",
              "description": "Controls whether the completion indicator shows next to the course title.",
              "default": false
            },
            "_isShownInNavigationBar": {
              "type": "boolean",
              "title": "Show progress in the navigation bar",
              "description": "Controls whether the completion indicator shows in the navigation bar",
              "default": true
            }
          }
        }
      }
    }
  }
}
